Modèle;Référence Word;SHA256;Original serv;Original gold;Types actes;Nombre utilisations
ATTESTATO DI CONCORDANZA  DEI NOMI;gold\MODELES\e892cd0fd4cc\ATTESTATO DI CONCORDANZA  DEI NOMI.docx;e892cd0fd4cc23dd1a38765555d7c7094ac1386f2110d37cec84197b86e7a5a4;serv\casa\SERVI\ATTESTATO DI CONCORDANZA  DEI NOMI.doc;gold\MODELES\e892cd0fd4cc\ATTESTATO DI CONCORDANZA  DEI NOMI.doc;Concordanza dei nomi;1
CA250616014-C;gold\MODELES\0427e7a23b5d\CA250616014-C.docx;0427e7a23b5de37a75365ca5cf16d7298ccd6a9df28cec0157c422a012ccd092;;;Quietanza liberatoria;1
CA250616014-F;gold\MODELES\af074788a54f\CA250616014-F.docx;af074788a54f39e92284dd5da1cd28f4fe691a1697489a1728f25f4f405d6264;;;Legame di parentela | Non divorzio | Professione | Unica moglie;8
CA250620004-D;gold\MODELES\472b3c316b65\CA250620004-D.docx;472b3c316b65e7d880d489a220e8e0d2545cdaafdc60185e7ed216e7c4d19733;;;Voti IFIAG 2021-2022 | Voti IFIAG 2022-2023 | Voti Polyvalence 2023-2024 | Voti Polyvalence 2024-2025;4
RA221226003_A à voir;gold\MODELES\de7621ab5424\RA221226003_A à voir.docx;de7621ab5424472edccbd5bae81735a925d1f8c5ebd8bfdfa1f341182d9061fe;serv\dossier trad 3\achraf\RA221226003_A à voir.doc;gold\MODELES\de7621ab5424\RA221226003_A à voir.doc;Programma di formazione IFPP;1
RA240529001_A;gold\MODELES\a7929f8c23b2\RA240529001_A.docx;a7929f8c23b22b5b104b77d191977a5c20808b316e03b3f3484341ba0ed589dc;;;Copia integrale nascita | Estratto atto di nascita | Estratto nascita;7
RA241018002_E;gold\MODELES\6e6f53f2fb5f\RA241018002_E.docx;6e6f53f2fb5fc2bbf6de2233164e353991b069bb17b8c538b8f6795211df2d66;;;Esistenza in vita collettiva;3
RA241120004;gold\MODELES\fbcd1b3f6488\RA241120004.docx;fbcd1b3f6488ef25c03336d3d4139533380afd409b953ece85cc6a4bf6b70395;serv\dossier trad 3\RA241120004.doc;gold\MODELES\fbcd1b3f6488\RA241120004.doc;Diploma di tecnico specializzato IFPP;1
RA250619020_A;gold\MODELES\1893a11a457d\RA250619020_A.docx;1893a11a457d83af81705dcef8da17869242a3195329dca73c794b2ccfd1d2b2;;;Diploma Polyvalence;1
RA250619020_G;gold\MODELES\156718eb07e1\RA250619020_G.docx;156718eb07e1cbd58f4923f5f21d602854f190aa6f1d2dd9ebc97332794ab9f4;;;Presa a carico;4
RA250619020_H att;gold\MODELES\8d9116e3c089\RA250619020_H att.docx;8d9116e3c089e0131baf651c65962cfe3926cfc9d56b5ee5d76b89dcd2cd2a0b;;;Libretto di famiglia;2
RA250620014-B;gold\MODELES\421ceaea59a4\RA250620014-B.docx;421ceaea59a4a264356ae3363ec94a2ff830d910c347b24c8b357f0e527fefeb;;;Diploma IFIAG;1
RA250701024_D;gold\MODELES\2652388e1fd8\RA250701024_D.docx;2652388e1fd834cf68cfc5bc31a9cbed03463a6eb8c1f3223ab0bf37e775178b;serv\juillet 2025\à corr. Rabat 22_07\RA250701024_D.doc;gold\MODELES\2652388e1fd8\RA250701024_D.doc;Pagella IFPP primo anno;1
RA250701024_E;gold\MODELES\f965d62a4f0e\RA250701024_E.docx;f965d62a4f0ea219962ece2bbada0131ed5a06c13f3403295f4fd85fd8a091f3;serv\juillet 2025\à corr. Rabat 22_07\RA250701024_E.doc;gold\MODELES\f965d62a4f0e\RA250701024_E.doc;Pagella IFPP terzo anno | Riepilogo voti IFPP;2
RA250701024_F;gold\MODELES\fadeb608a649\RA250701024_F.docx;fadeb608a6496819476bb91611d03f2c4193ba881ec6659b99b4a6ce67d43ba0;serv\juillet 2025\à corr. Rabat 22_07\RA250701024_F.doc;gold\MODELES\fadeb608a649\RA250701024_F.doc;Pagella IFPP secondo anno;1
RA250808018-B;gold\MODELES\85c4bf7329ad\RA250808018-B.docx;85c4bf7329ad93b57bd421095b5a42f9b8993a2b136564a37a54775356d70520;;;Cifra affari | Iscrizione tassa professionale | Notifica identificativo fiscale | Reddito mensile | Regolarita fiscale;5
RA250815003_C;gold\MODELES\a90c040bbc74\RA250815003_C.docx;a90c040bbc74596c211bac2e0e0e01b06172cb6abf05fb7d93ae7567fd8396d0;;;Attestato del baccalaureato | Diploma maturita;3
RA250815003_D;gold\MODELES\1c3146482b21\RA250815003_D.docx;1c3146482b21bc9272620d1506cbfc5dbb95adcdd292254a3f696a9e7e7afa51;;;Pagella del baccalaureato | Voti maturita;3
RA251001016-B;gold\MODELES\5bf6d69d96f0\RA251001016-B.docx;5bf6d69d96f0a5a6d32689a321ab8fff99b83b44d7c0cf6ff65789bd8ecb072d;serv\Ottobre 2025\à corr. Rabat 10_10\RA251001016-B.doc;gold\MODELES\5bf6d69d96f0\RA251001016-B.doc;Carico familiare;1
RA251027008-A;gold\MODELES\90f923883e66\RA251027008-A.docx;90f923883e66d352e46da6f109117078fc2e9b750ec493fb8459f1a64302f3fc;;;Libretto di famiglia;4
RA240304006_B;gold\MODELES\fdb8ef46ceea\RA240304006_B.docx;fdb8ef46ceeaa0a0398abfbfb8db5228d6c124ea387a1584c580016f1395ec45;serv\dossier trad 3\RA240304006_B.doc;gold\MODELES\fdb8ef46ceea\RA240304006_B.doc;Copia_integrale_nascita;2
RA240827004_U;gold\MODELES\942c2fcaf5e5\RA240827004_U.docx;942c2fcaf5e5c2e5913a96a76ea73ad5784eed5d22640741bf2fd8ee98563a3c;serv\dossier trad 3\RA240827004_U.doc;gold\MODELES\942c2fcaf5e5\RA240827004_U.doc;Pagella_OFPPT;1
RA240919016_B;gold\MODELES\b27cbf43fd43\RA240919016_B.docx;b27cbf43fd4302725ebaa6e436df500faf1246d333987a086697545b2e92d12e;serv\dossier trad 3\RA240919016_B.doc;gold\MODELES\b27cbf43fd43\RA240919016_B.doc;Pagella_Baccalaureato;1
RA250212004_B;gold\MODELES\f4638082a9ab\RA250212004_B.docx;f4638082a9abe6c19f96c0b6ef5affbebe5a0899157ec054988599b4c71aaa78;serv\Dossier Maria 2025\à corr. Rabat 13_02\RA250212004_B.doc;gold\MODELES\f4638082a9ab\RA250212004_B.doc;Copia_integrale_nascita;1
RA250523004_B;gold\MODELES\90f3ba4ae218\RA250523004_B.docx;90f3ba4ae2184dce811d4eae5437f4dd13687f53b227b8fdb32e79c620b69ede;serv\a corr. rabat 02-06\RA250523004_B.doc;gold\MODELES\90f3ba4ae218\RA250523004_B.doc;Diploma_OFPPT;1
RA250530012_C;gold\MODELES\62082e4c6297\RA250530012_C.docx;62082e4c6297e937fe5fe928ac217df36c4ba0726b46eebea4e7deb526cb25d2;serv\dossier trad 3\RA250530012_C.doc;gold\MODELES\62082e4c6297\RA250530012_C.doc;Esistenza_in_vita;1
RA250619020_G;gold\MODELES\006b732f34b6\RA250619020_G.docx;006b732f34b666d72cbe0d7577291675b3385ddec1471ae18b9f2e3a05819f26;serv\juillet 2025\à corr. Rabat 07_07\RA250619020_G.doc;gold\MODELES\006b732f34b6\RA250619020_G.doc;Presa_a_carico;1
RA250718007_B;gold\MODELES\f210aea5b135\RA250718007_B.docx;f210aea5b135b717988ed117f8dc2ca27554d00eac2731d1dc34e1cdc74a7d2f;serv\Aout 2025\à corr. Rabat 25_08\RA250718007_B.doc;gold\MODELES\f210aea5b135\RA250718007_B.doc;Diploma_HASHTAG;1
RA250723020-C;gold\MODELES\9557b3e394f3\RA250723020-C.docx;9557b3e394f3cf011ed7fe2e35a4f3ae45420ad40d90a8b5fbc0c1c6635beb7b;serv\Aout 2025\à corr. Rabat 28_08\RA250723020-C.doc;gold\MODELES\9557b3e394f3\RA250723020-C.doc;Parentela;1
RA250729008_A;gold\MODELES\8bd8558ebd8a\RA250729008_A.docx;8bd8558ebd8ac759588a4e63a9a49316419a54a266ba0b08b8e13a80aa986970;serv\à corr. Rabat 01_09\RA250729008_A.doc;gold\MODELES\8bd8558ebd8a\RA250729008_A.doc;Presa_a_carico;2
RA250729008_C;gold\MODELES\704bf06ba16b\RA250729008_C.docx;704bf06ba16babacd9c45a608111fba3aff2d207f95e1d5ac37003a152da6f37;serv\à corr. Rabat 01_09\RA250729008_C.doc;gold\MODELES\704bf06ba16b\RA250729008_C.doc;Parentela;2
RA250804020-B;gold\MODELES\fad3f5b1a303\RA250804020-B.docx;fad3f5b1a30390f4fbb780e10eea1cd9b2b553d9520d03fcf64925e24ad7df1d;serv\a corr. Rabat 03-09\RA250804020-B.doc;gold\MODELES\fad3f5b1a303\RA250804020-B.doc;Reddito;1
RA250804020-D;gold\MODELES\0453cd344404\RA250804020-D.docx;0453cd3444046112135c800702ad19db6ec0e36921b38d9ca6071e1657af9910;serv\a corr. Rabat 03-09\RA250804020-D.doc;gold\MODELES\0453cd344404\RA250804020-D.doc;Lavoro;1
RA250908006_E;gold\MODELES\19d5c968734d\RA250908006_E.docx;19d5c968734d6c9933284cabb15a3be1852bafde17c7a0d249131ce9401962b7;serv\a corr. Rabat 10-09\RA250908006_E.doc;gold\MODELES\19d5c968734d\RA250908006_E.doc;Estratto_decesso;1
RA250912008_P;gold\MODELES\87bc1149cc96\RA250912008_P.docx;87bc1149cc9687feee42b349903e75d0ec6bbf8acab4c67b91b83c85888bea59;serv\Ottobre 2025\à corr. Rabat 31_10\RA250912008_P.doc;gold\MODELES\87bc1149cc96\RA250912008_P.doc;Tirocinio_HASHTAG;1
RA250930019_B;gold\MODELES\ed1700e35625\RA250930019_B.docx;ed1700e356252757b384603aa6507a4fa83404e47b707db498e362704126f1c8;serv\Ottobre 2025\a corr. Rabat 13-10\RA250930019_B.doc;gold\MODELES\ed1700e35625\RA250930019_B.doc;Parentela;1
RA251001005-C;gold\MODELES\eaab0fbd9370\RA251001005-C.docx;eaab0fbd937030ccb6b7450359c6a1abfa5eed327aa295614096c6c9e031ec56;serv\Ottobre 2025\à corr. Rabat 17_10\RA251001005-C.doc;gold\MODELES\eaab0fbd9370\RA251001005-C.doc;Pagella_HASHTAG;1
RA251001012-B;gold\MODELES\2be4bc01803b\RA251001012-B.docx;2be4bc01803b8c0e9334316d4a8276306647b1cb8e1e23b72b991d846af432a7;serv\Ottobre 2025\à corr. Rabat 14_10\RA251001012-B.doc;gold\MODELES\2be4bc01803b\RA251001012-B.doc;Libretto_di_famiglia;3
RA251001012-C;gold\MODELES\60abf5559ae0\RA251001012-C.docx;60abf5559ae03394ea82aed6461fb6d182e6eaa509219318900e93293cebf178;serv\Ottobre 2025\à corr. Rabat 14_10\RA251001012-C.doc;gold\MODELES\60abf5559ae0\RA251001012-C.doc;Esistenza_in_vita;2
RA251009011-A;gold\MODELES\1d51e3f1867a\RA251009011-A.docx;1d51e3f1867aad2bd4c22487a65898784edd785d0ce11dd5ac84e68c51bb4113;serv\Ottobre 2025\à corr. Rabat 22_10\RA251009011-A.doc;gold\MODELES\1d51e3f1867a\RA251009011-A.doc;Proprieta;1
RA240304006_B;gold\MODELES\724e63319798\RA240304006_B.docx;724e6331979856ad520c574eefdfc1ec0e7bc403781f2be37a9b3713aab7db3b;serv\dossier trad 3\RA240304006_B.doc;gold\MODELES\724e63319798\RA240304006_B.doc;Copia_integrale_nascita;1
RA240812018_C à voir;gold\MODELES\1719f86ed870\RA240812018_C à voir.docx;1719f86ed870179b297cf0f8244fa70708a2e84e80431af859998da8351af9f5;serv\dossier trad 3\RA240812018_C à voir.doc;gold\MODELES\1719f86ed870\RA240812018_C à voir.doc;Inventario_immobiliare;1
RA241002011_C;gold\MODELES\e1a0b0ace313\RA241002011_C.docx;e1a0b0ace31334ee596be6436f686cc2a9a4ea612772d25b979882bcb8e3a4df;serv\dossier trad 3\RA241002011_C.doc;gold\MODELES\e1a0b0ace313\RA241002011_C.doc;Reddito | Reddito_pensione;2
RA241105002_A;gold\MODELES\c8ea63f6806d\RA241105002_A.docx;c8ea63f6806d2085d5a0093f83d80844e1cc40603f7178880bc510933f9ed3c0;serv\a corr. Rabat 13-11\RA241105002_A.doc;gold\MODELES\c8ea63f6806d\RA241105002_A.doc;Estratto_nascita;1
RA250212004_A;gold\MODELES\b4d2c8d513f6\RA250212004_A.docx;b4d2c8d513f67bec1f6099c99591979a6c156e911e429679f7730c4c99a9911f;serv\Dossier Maria 2025\à corr. Rabat 13_02\RA250212004_A.doc;gold\MODELES\b4d2c8d513f6\RA250212004_A.doc;Estratto_nascita;1
RA250522016_G;gold\MODELES\303368648c81\RA250522016_G.docx;303368648c819295c58d908dcfc27fe5a67a901a89f9478d2d73955c6459703f;serv\Juin 2025\à Corr. rabat 20_06\RA250522016_G.doc;gold\MODELES\303368648c81\RA250522016_G.doc;Proprieta;1
RA250522016_H;gold\MODELES\4a688f7af0c6\RA250522016_H.docx;4a688f7af0c633960a6e8534c315732fa8439c3c1f73d1a8f911c0423b569d8d;serv\Juin 2025\à Corr. rabat 20_06\RA250522016_H.doc;gold\MODELES\4a688f7af0c6\RA250522016_H.doc;Negativo_proprieta;4
RA250527007_G;gold\MODELES\089274021053\RA250527007_G.docx;089274021053e88f87f962f2309f4023ccdd7a4ef9995077103e03cf5be7c8aa;serv\a corr. rabat 02-06\RA250527007_G.doc;gold\MODELES\089274021053\RA250527007_G.doc;Certificato_scolastico;1
RA250528009_B;gold\MODELES\02839984ea12\RA250528009_B.docx;02839984ea1213d6053b02d2ebb9bd6721c28d2860715025b84e65a190479b09;serv\a corr. rabat 02-06\RA250528009_B.doc;gold\MODELES\02839984ea12\RA250528009_B.doc;Libretto_di_famiglia;1
RA250619012;gold\MODELES\72a56f690a12\RA250619012.docx;72a56f690a12176b13b4088f7f9e45cdfdcbc0738f9ad287893b28e7a11ba806;serv\a corr.  Rabat 27-06\RA250619012.doc;gold\MODELES\72a56f690a12\RA250619012.doc;Reddito;3
RA250619020_G;gold\MODELES\51a90e9e065f\RA250619020_G.docx;51a90e9e065f89504feefa3d58db319b5252b0d69da723065c629c7823f94ebc;serv\juillet 2025\à corr. Rabat 07_07\RA250619020_G.doc;gold\MODELES\51a90e9e065f\RA250619020_G.doc;Presa_a_carico;1
RA250701010_B;gold\MODELES\21a49e942ae6\RA250701010_B.docx;21a49e942ae6f20ee34cf563383e3da06027911ff913238748d271da43a809b1;serv\a corr. Rabat 13-11\a corr. Rabat 16-07\RA250701010_B.doc;gold\MODELES\21a49e942ae6\RA250701010_B.doc;Tirocinio_Rent_Guru;1
RA250701028_H;gold\MODELES\5f076ca6874f\RA250701028_H.docx;5f076ca6874f14b605a6f7618f508f4b1303b544d67faf40ad95926d04fe5037;serv\a corr. Rabat 13-11\a corr. Rabat 16-07\RA250701028_H.doc;gold\MODELES\5f076ca6874f\RA250701028_H.doc;Tirocinio_Global_Compta | Tirocinio_New_Fid;3
RA250702005_E;gold\MODELES\3f80cbb4cd60\RA250702005_E.docx;3f80cbb4cd60a133758a885a384efc8ad263b1cc3d86af50e6c361bd3edfea93;serv\a corr. Rabat 23-07\RA250702005_E.doc;gold\MODELES\3f80cbb4cd60\RA250702005_E.doc;Dichiarazione_rapporti_bancari;1
RA250729008_C;gold\MODELES\f54e48eba2f5\RA250729008_C.docx;f54e48eba2f5c16310a8ffecef3744666a98e7087c6e669126ab979c79bd257f;serv\à corr. Rabat 01_09\RA250729008_C.doc;gold\MODELES\f54e48eba2f5\RA250729008_C.doc;Parentela;1
RA250804013_E;gold\MODELES\d93bf2586aeb\RA250804013_E.docx;d93bf2586aebebb6068fc7683cbf4690be3f25b3e39071e4c55ec30809d80467;serv\a corr. Rabat 03-09\RA250804013_E.doc;gold\MODELES\d93bf2586aeb\RA250804013_E.doc;Proprieta;3
RA250813003_A;gold\MODELES\b7dc48166df3\RA250813003_A.docx;b7dc48166df336ca7f20d8e907cf11203d10739f2800538b6b8cfc78f36f543f;serv\a corr. Rabat 03-09\RA250813003_A.doc;gold\MODELES\b7dc48166df3\RA250813003_A.doc;Estratto_nascita;1
RA250822019-D;gold\MODELES\8e7e00487d8e\RA250822019-D.docx;8e7e00487d8ef1cd0be0e1f34e343b26d5bdec1280f1abed87f590144991f368;serv\Aout 2025\à corr. Rabat 28_08\RA250822019-D.doc;gold\MODELES\8e7e00487d8e\RA250822019-D.doc;Estratto_decesso;1
RA250828022_D;gold\MODELES\5996f80d23fa\RA250828022_D.docx;5996f80d23fa1becb7bbf2332b97a494909e053a845adb3e7bb29387ceb3ac73;serv\a corr. Rabat 12-09\à corr. Rabat 11_09\RA250828022_D.doc;gold\MODELES\5996f80d23fa\RA250828022_D.doc;Parentela;1
RA251001012-B;gold\MODELES\8d84b4e5fd2c\RA251001012-B.docx;8d84b4e5fd2c7dcd95a9438570de02e29c95cf587a87e0b7e7efa5a060002443;serv\Ottobre 2025\à corr. Rabat 14_10\RA251001012-B.doc;gold\MODELES\8d84b4e5fd2c\RA251001012-B.doc;Libretto_di_famiglia;1
RA251001012-C;gold\MODELES\d16593ee7eee\RA251001012-C.docx;d16593ee7eee19b5ed05bd565371d68eabb2d0d905ed0e7bed7a1267f43d1208;serv\Ottobre 2025\à corr. Rabat 14_10\RA251001012-C.doc;gold\MODELES\d16593ee7eee\RA251001012-C.doc;Esistenza_in_vita;3
RA251015001_A;gold\MODELES\5ffb5f385084\RA251015001_A.docx;5ffb5f385084af35c70cdaf83df977161bfe5f83f3f333cff9664e02eaeaa75f;serv\Ottobre 2025\à corr. Rabat 28_10\RA251015001_A.doc;gold\MODELES\5ffb5f385084\RA251015001_A.doc;Reddito;3
